,question,faithfulness,answer_relevancy,answer_similarity,answer_correctness,context_relevancy,context_precision,context_recall,harmfulness,maliciousness,coherence,correctness,conciseness,children
0,成龙是如何成为中国香港影视界的一代巨星的？,0.4545454545454546,0.8272425996549422,0.8846078511228266,0.5851610684185562,0.71875,0.9765432098656928,0.125,0,0,1,1,1,1
1,成龙,0.4,0.7474677656771459,0.9776819120409637,0.7388409560204818,0.6666666666666666,0.8401360544097668,1.0,0,0,1,1,0,1
2,张学友是谁？,0.6363636363636364,0.8074561344927877,0.969304036145314,0.8482883817090207,0.84375,0.9428571428382857,1.0,0,0,1,1,0,1
3,刘德华,0.7777777777777778,0.7822335904211317,0.9694171187788547,0.5958196705005385,0.0,0.691666666649375,1.0,0,0,1,1,0,1
4,李小龙,0.8,0.7475975816837414,0.9698974783360519,0.884948739168026,0.39622641509433965,0.9240362811659377,1.0,0,0,1,1,1,1
5,海阔天空,0.5,0.8472306247309337,0.9675916762413538,0.6338094574148498,0.5357142857142857,0.0,0.2857142857142857,0,0,1,1,1,1
